{
  "_notes": "Phase 3b ablation row 1 of 5. Lexical features (14) added on top of revised dialogue-only baseline, evaluated across 4 model families to disambiguate feature-issue vs model-family-issue. Pre-registered linear lift: log_roi R^2 +0.010 to +0.025; roi_gt_1 AUC +0.000 to +0.010; roi_gt_2 AUC +0.015 to +0.035.",
  "bootstrap_alpha": 0.05,
  "bootstrap_iter": 1000,
  "histgb_learning_rate": 0.05,
  "histgb_max_depth": 4,
  "histgb_max_iter": 300,
  "knn_n_neighbors": 20,
  "knn_weights": "distance",
  "linear_C_grid": [
    0.001,
    0.0031622776601683794,
    0.01,
    0.03162277660168379,
    0.1,
    0.31622776601683794,
    1.0,
    3.1622776601683795,
    10.0,
    31.622776601683793,
    100.0,
    316.22776601683796,
    1000.0
  ],
  "linear_alpha_grid": [
    0.001,
    0.0031622776601683794,
    0.01,
    0.03162277660168379,
    0.1,
    0.31622776601683794,
    1.0,
    3.1622776601683795,
    10.0,
    31.622776601683793,
    100.0,
    316.22776601683796,
    1000.0
  ],
  "model_families": [
    "linear",
    "histgb",
    "knn",
    "svm"
  ],
  "n_cv_folds": 5,
  "seed": 42,
  "svm_C": 1.0,
  "svm_gamma": "scale"
}