{
  "all_conformal_scores": {
    "lac": {
      "empirical_coverage_at_0.5_mean": 0.5991704374057316,
      "empirical_coverage_at_0.5_std": 0.012107537223229497,
      "empirical_coverage_at_0.8_mean": 0.8793363499245851,
      "empirical_coverage_at_0.8_std": 0.05389717196404917,
      "empirical_coverage_at_0.95_mean": 0.9454751131221719,
      "empirical_coverage_at_0.95_std": 0.054041150402405216,
      "empirical_coverage_at_0.9_mean": 0.9104826546003016,
      "empirical_coverage_at_0.9_std": 0.08416590300449776,
      "mean_set_size_at_0.5_mean": 0.9804675716440423,
      "mean_set_size_at_0.5_std": 0.019608568265974548,
      "mean_set_size_at_0.8_mean": 1.6187028657616893,
      "mean_set_size_at_0.8_std": 0.059381299010710105,
      "mean_set_size_at_0.95_mean": 1.894947209653092,
      "mean_set_size_at_0.95_std": 0.08447196153693977,
      "mean_set_size_at_0.9_mean": 1.78604826546003,
      "mean_set_size_at_0.9_std": 0.2001395198674193,
      "refer_rate_at_0.5_mean": 0.0,
      "refer_rate_at_0.5_std": 0.0,
      "refer_rate_at_0.8_mean": 0.6187028657616892,
      "refer_rate_at_0.8_std": 0.05938129901071009,
      "refer_rate_at_0.95_mean": 0.8949472096530918,
      "refer_rate_at_0.95_std": 0.08447196153693978,
      "refer_rate_at_0.9_mean": 0.78604826546003,
      "refer_rate_at_0.9_std": 0.20013951986741935,
      "singleton_rate_at_0.5_mean": 0.9804675716440423,
      "singleton_rate_at_0.5_std": 0.019608568265974548,
      "singleton_rate_at_0.8_mean": 0.3812971342383107,
      "singleton_rate_at_0.8_std": 0.059381299010710084,
      "singleton_rate_at_0.95_mean": 0.105052790346908,
      "singleton_rate_at_0.95_std": 0.08447196153693977,
      "singleton_rate_at_0.9_mean": 0.21395173453996982,
      "singleton_rate_at_0.9_std": 0.20013951986741935
    }
  },
  "all_probability_methods": {
    "isotonic": {
      "brier_mean": 0.24454108335645985,
      "brier_std": 0.021946427531041205,
      "ece_mean": 0.10776391301646852,
      "ece_std": 0.0305206027142108,
      "log_loss_mean": 0.7409611354581132,
      "log_loss_std": 0.1625178972107079,
      "mce_mean": 0.3436314179499944,
      "mce_std": 0.1094630222068834
    },
    "sigmoid": {
      "brier_mean": 0.23977482045857398,
      "brier_std": 0.0033711200415337287,
      "ece_mean": 0.1694510142429541,
      "ece_std": 0.02228254616553063,
      "log_loss_mean": 0.6727403085109567,
      "log_loss_std": 0.007174751474199413,
      "mce_mean": 0.38662504252777985,
      "mce_std": 0.031799576397524974
    },
    "uncalibrated": {
      "brier_mean": 0.2496608017648597,
      "brier_std": 0.025760177202055628,
      "ece_mean": 0.1864859835212407,
      "ece_std": 0.044020925451147205,
      "log_loss_mean": 0.6944942074542773,
      "log_loss_std": 0.05913687724462169,
      "mce_mean": 0.38922094384829203,
      "mce_std": 0.09350826366129177
    }
  },
  "best_conformal_score": "lac",
  "best_probability_method": "isotonic",
  "calibration_metrics": {
    "brier_mean": 0.24454108335645985,
    "brier_std": 0.021946427531041205,
    "ece_mean": 0.10776391301646852,
    "ece_std": 0.0305206027142108,
    "empirical_coverage_at_0.5_mean": 0.5991704374057316,
    "empirical_coverage_at_0.5_std": 0.012107537223229497,
    "empirical_coverage_at_0.8_mean": 0.8793363499245851,
    "empirical_coverage_at_0.8_std": 0.05389717196404917,
    "empirical_coverage_at_0.95_mean": 0.9454751131221719,
    "empirical_coverage_at_0.95_std": 0.054041150402405216,
    "empirical_coverage_at_0.9_mean": 0.9104826546003016,
    "empirical_coverage_at_0.9_std": 0.08416590300449776,
    "log_loss_mean": 0.7409611354581132,
    "log_loss_std": 0.1625178972107079,
    "mce_mean": 0.3436314179499944,
    "mce_std": 0.1094630222068834,
    "mean_set_size_at_0.5_mean": 0.9804675716440423,
    "mean_set_size_at_0.5_std": 0.019608568265974548,
    "mean_set_size_at_0.8_mean": 1.6187028657616893,
    "mean_set_size_at_0.8_std": 0.059381299010710105,
    "mean_set_size_at_0.95_mean": 1.894947209653092,
    "mean_set_size_at_0.95_std": 0.08447196153693977,
    "mean_set_size_at_0.9_mean": 1.78604826546003,
    "mean_set_size_at_0.9_std": 0.2001395198674193,
    "refer_rate_at_0.5_mean": 0.0,
    "refer_rate_at_0.5_std": 0.0,
    "refer_rate_at_0.8_mean": 0.6187028657616892,
    "refer_rate_at_0.8_std": 0.05938129901071009,
    "refer_rate_at_0.95_mean": 0.8949472096530918,
    "refer_rate_at_0.95_std": 0.08447196153693978,
    "refer_rate_at_0.9_mean": 0.78604826546003,
    "refer_rate_at_0.9_std": 0.20013951986741935,
    "singleton_rate_at_0.5_mean": 0.9804675716440423,
    "singleton_rate_at_0.5_std": 0.019608568265974548,
    "singleton_rate_at_0.8_mean": 0.3812971342383107,
    "singleton_rate_at_0.8_std": 0.059381299010710084,
    "singleton_rate_at_0.95_mean": 0.105052790346908,
    "singleton_rate_at_0.95_std": 0.08447196153693977,
    "singleton_rate_at_0.9_mean": 0.21395173453996982,
    "singleton_rate_at_0.9_std": 0.20013951986741935
  },
  "target": "roi_gt_2",
  "task": "classification"
}