{
  "matrix": "all_five_mpnet",
  "meta_coefs": {
    "histgb": 0.018754905326767643,
    "linear": -0.08037170080660573,
    "random_forest": 0.8754822432089866,
    "svm_rbf": 1.6045346179798912
  },
  "meta_intercept": -0.9950975601790537,
  "oof_metrics_global": {
    "cvrmse": 0.97483584035311,
    "mae": 0.9284570137534197,
    "mse": 1.7253215227375394,
    "rmse": 1.3135149495675864
  },
  "per_fold_summary": {
    "cvrmse_mean": 0.9707598425857495,
    "cvrmse_std": 0.0764764525380438,
    "mae_mean": 0.9289601524695559,
    "mae_std": 0.05391561652273489,
    "mse_mean": 1.7265293493443743,
    "mse_std": 0.32334911576436526,
    "rmse_mean": 1.3087597122592087,
    "rmse_std": 0.1210550269427425
  },
  "target": "log_roi"
}