{
  "matrix": "standalone_positive_union",
  "meta_coefs": {
    "histgb": 1.6123602562795125,
    "lightgbm": -0.1941671994673658,
    "linear": 0.3940332372349359,
    "random_forest": 3.4235727846805353,
    "svm_rbf": 0.8219455423887955,
    "xgboost": -0.1648274890454129
  },
  "meta_intercept": -2.575549132118818,
  "oof_metrics_global": {
    "auc_roc": 0.6039931571602215,
    "f1": 0.8933025404157043,
    "log_loss": 0.47987016255592124,
    "pr_auc": 0.8556515038182753
  },
  "per_fold_summary": {
    "auc_roc_mean": 0.6054647475803907,
    "auc_roc_std": 0.03949051477663018,
    "f1_mean": 0.8931629358465568,
    "f1_std": 0.0017489297868256957,
    "log_loss_mean": 0.48050292604104566,
    "log_loss_std": 0.010604755089191802,
    "pr_auc_mean": 0.8590581491379602,
    "pr_auc_std": 0.02159120983001906
  },
  "target": "roi_gt_1"
}