{
  "matrix": "standalone_positive_union",
  "meta_coefs": {
    "histgb": 0.6546166317489508,
    "linear": -0.2023501530004281,
    "random_forest": 0.3690605997441273,
    "svm_rbf": 2.0488098665002195
  },
  "meta_intercept": -1.3313767055209764,
  "oof_metrics_global": {
    "cvrmse": 0.973766551754087,
    "mae": 0.9284570501961438,
    "mse": 1.7215386195063689,
    "rmse": 1.3120741669228797
  },
  "per_fold_summary": {
    "cvrmse_mean": 0.9695971530007534,
    "cvrmse_std": 0.07806915233351144,
    "mae_mean": 0.9286927744486534,
    "mae_std": 0.05126811194454643,
    "mse_mean": 1.7224727483673794,
    "mse_std": 0.3249735036936156,
    "rmse_mean": 1.3071241389902295,
    "rmse_std": 0.12203293014195919
  },
  "target": "log_roi"
}