{
  "per_target": {
    "roi_gt_2": {
      "best_params": {
        "C": 0.1
      },
      "in_sample_metrics": {
        "auc_roc": 0.7307523939808481,
        "f1": 0.7163969035890219,
        "log_loss": 0.6051385808076738,
        "pr_auc": 0.8288948064335303
      },
      "inner_score": 0.6070443332758323,
      "oof_metrics_global": {
        "auc_roc": 0.6043106855145159,
        "f1": 0.6483825597749648,
        "log_loss": 0.6946102493612671,
        "pr_auc": 0.7272178914791204
      },
      "oof_metrics_global_ci": {
        "auc_roc": [
          0.5723136769556117,
          0.6399307158576649
        ],
        "f1": [
          0.6213955555083948,
          0.6773759710701052
        ],
        "log_loss": [
          0.6718412127359986,
          0.717649227522263
        ],
        "pr_auc": [
          0.6934391230984807,
          0.7621660654749173
        ]
      },
      "per_fold_metrics": {
        "auc_roc": [
          0.6016698292220114,
          0.5668311195445921,
          0.6460721062618597,
          0.6201138519924099,
          0.6005347593582887,
          0.5979506641366222,
          0.6441745730550286,
          0.6155597722960152,
          0.5811005692599621,
          0.5992360580595875,
          0.5969639468690702,
          0.556280834914611,
          0.6072865275142315,
          0.6241366223908918,
          0.5508785332314744
        ],
        "f1": [
          0.6689655172413793,
          0.6223776223776224,
          0.6597222222222222,
          0.6405693950177936,
          0.6411149825783972,
          0.6804123711340206,
          0.6594982078853047,
          0.647887323943662,
          0.6197183098591549,
          0.6263345195729537,
          0.6597938144329897,
          0.6351351351351351,
          0.608058608058608,
          0.6666666666666666,
          0.6301369863013698
        ],
        "log_loss": [
          0.6893479357532086,
          0.7459889616000929,
          0.6605673765307937,
          0.6907350716352648,
          0.7348885292219743,
          0.7172993874826584,
          0.7116619256853295,
          0.6751127383893498,
          0.7198723442719585,
          0.6978805892612377,
          0.7240103169548827,
          0.7302706884555583,
          0.6951838500855534,
          0.7261435428062887,
          0.7343520639788568
        ],
        "pr_auc": [
          0.723690857339172,
          0.6988991250703341,
          0.7851804326833063,
          0.7418829820083752,
          0.7179264000803631,
          0.732533830757116,
          0.7744370998504664,
          0.737277326155157,
          0.7097961553739607,
          0.7259509483798445,
          0.7061518729995935,
          0.6860052662754204,
          0.7343208324932394,
          0.7435135859364819,
          0.7097655464331561
        ]
      },
      "task": "classification"
    }
  }
}