{
  "all_conformal_scores": {
    "absolute": {
      "empirical_coverage_at_0.5_mean": 0.49834087481146305,
      "empirical_coverage_at_0.5_std": 0.04633147459996428,
      "empirical_coverage_at_0.8_mean": 0.8130467571644042,
      "empirical_coverage_at_0.8_std": 0.07960654430066087,
      "empirical_coverage_at_0.95_mean": 0.9608597285067875,
      "empirical_coverage_at_0.95_std": 0.039263154355346025,
      "empirical_coverage_at_0.9_mean": 0.9024886877828056,
      "empirical_coverage_at_0.9_std": 0.04639051250793421,
      "mean_width_at_0.5_mean": 1.3828786023056767,
      "mean_width_at_0.5_std": 0.05865748725984473,
      "mean_width_at_0.8_mean": 2.9649411940391226,
      "mean_width_at_0.8_std": 0.13143546795008643,
      "mean_width_at_0.95_mean": 5.263144195395521,
      "mean_width_at_0.95_std": 0.5367353456814593,
      "mean_width_at_0.9_mean": 4.024359686836016,
      "mean_width_at_0.9_std": 0.09366284492779592,
      "median_width_at_0.5_mean": 1.3828786023056765,
      "median_width_at_0.5_std": 0.05865748725984461,
      "median_width_at_0.8_mean": 2.964941194039122,
      "median_width_at_0.8_std": 0.13143546795008654,
      "median_width_at_0.95_mean": 5.263144195395521,
      "median_width_at_0.95_std": 0.5367353456814596,
      "median_width_at_0.9_mean": 4.024359686836017,
      "median_width_at_0.9_std": 0.09366284492779597
    }
  },
  "all_probability_methods": {},
  "best_conformal_score": "absolute",
  "best_probability_method": null,
  "calibration_metrics": {
    "empirical_coverage_at_0.5_mean": 0.49834087481146305,
    "empirical_coverage_at_0.5_std": 0.04633147459996428,
    "empirical_coverage_at_0.8_mean": 0.8130467571644042,
    "empirical_coverage_at_0.8_std": 0.07960654430066087,
    "empirical_coverage_at_0.95_mean": 0.9608597285067875,
    "empirical_coverage_at_0.95_std": 0.039263154355346025,
    "empirical_coverage_at_0.9_mean": 0.9024886877828056,
    "empirical_coverage_at_0.9_std": 0.04639051250793421,
    "mean_width_at_0.5_mean": 1.3828786023056767,
    "mean_width_at_0.5_std": 0.05865748725984473,
    "mean_width_at_0.8_mean": 2.9649411940391226,
    "mean_width_at_0.8_std": 0.13143546795008643,
    "mean_width_at_0.95_mean": 5.263144195395521,
    "mean_width_at_0.95_std": 0.5367353456814593,
    "mean_width_at_0.9_mean": 4.024359686836016,
    "mean_width_at_0.9_std": 0.09366284492779592,
    "median_width_at_0.5_mean": 1.3828786023056765,
    "median_width_at_0.5_std": 0.05865748725984461,
    "median_width_at_0.8_mean": 2.964941194039122,
    "median_width_at_0.8_std": 0.13143546795008654,
    "median_width_at_0.95_mean": 5.263144195395521,
    "median_width_at_0.95_std": 0.5367353456814596,
    "median_width_at_0.9_mean": 4.024359686836017,
    "median_width_at_0.9_std": 0.09366284492779597
  },
  "target": "log_roi",
  "task": "regression"
}