{
  "matrix": "all_five_mpnet",
  "meta_coefs": {
    "histgb": -0.000146774144293446,
    "lightgbm": 0.15168072564786414,
    "linear": -0.09591809440720436,
    "random_forest": 0.7741838199375677,
    "svm_rbf": 1.617941389605109,
    "xgboost": -0.004448288578839194
  },
  "meta_intercept": -1.0171165310076287,
  "oof_metrics_global": {
    "cvrmse": 0.976316427293235,
    "mae": 0.9300182907465352,
    "mse": 1.7305663614991975,
    "rmse": 1.31550992451566
  },
  "per_fold_summary": {
    "cvrmse_mean": 0.9723718206045181,
    "cvrmse_std": 0.07626304235357616,
    "mae_mean": 0.9308484003409042,
    "mae_std": 0.05358771783220762,
    "mse_mean": 1.7321926664474128,
    "mse_std": 0.3231829121109193,
    "rmse_mean": 1.3109357778256625,
    "rmse_std": 0.12088979425214903
  },
  "target": "log_roi"
}