{
  "per_target": {
    "log_roi": {
      "best_params": {
        "alpha": 1000.0
      },
      "in_sample_metrics": {
        "cvrmse": 0.9591872773028911,
        "mae": 0.9095952727095563,
        "mse": 1.6703746235085282,
        "rmse": 1.2924297363913166
      },
      "inner_score": -1.3422092174679707,
      "oof_metrics_global": {
        "cvrmse": 0.9985447608012253,
        "mae": 0.947434887806754,
        "mse": 1.8102649340854624,
        "rmse": 1.345460863082038
      },
      "oof_metrics_global_ci": {
        "cvrmse": [
          0.9236187692093968,
          1.0819360271220582
        ],
        "mae": [
          0.8959273770075561,
          1.0008195433541467
        ],
        "mse": [
          1.498229694021106,
          2.2099420031554913
        ],
        "rmse": [
          1.2240218507192,
          1.4865873484428163
        ]
      },
      "per_fold_metrics": {
        "cvrmse": [
          0.9306983593050471,
          0.9535314829297369,
          1.0114607539316791,
          0.9870808271032411,
          1.0952586254704058,
          0.8828753029544912,
          1.1320372539054537,
          0.9676667705666676,
          0.9774961672773108,
          1.0112164153314012,
          0.981329530786253,
          0.9566696573668463,
          1.141936854878755,
          1.0052250320924139,
          0.9037129041927436
        ],
        "mae": [
          0.8762202074543862,
          0.9518678954664651,
          0.9442373474982536,
          0.9780468872681065,
          0.9895740617822723,
          0.9107494830554018,
          0.9492896709085722,
          0.9391887484438092,
          0.9292546507600938,
          1.0198258647037615,
          1.0348791913206425,
          0.9617219201924162,
          0.9613518398376895,
          0.8712443441126373,
          0.9255079699643618
        ],
        "mse": [
          1.4107297413124262,
          1.7861352966272053,
          1.7755613986203727,
          1.8450956379530026,
          2.238004052067149,
          1.3837280231343263,
          2.416240350100463,
          1.626085793420087,
          1.6480832288863136,
          2.0062575095524675,
          1.98695773311981,
          1.6436852303575038,
          2.347138228431191,
          1.610703002206063,
          1.502688209578971
        ],
        "rmse": [
          1.187741445480634,
          1.3364637281375074,
          1.3325019319387017,
          1.3583429750814051,
          1.4959960067016052,
          1.176319694272916,
          1.5544260516668083,
          1.2751806904984435,
          1.283776938913577,
          1.4164241983080024,
          1.4095948826240148,
          1.2820628808126002,
          1.5320372803659807,
          1.269134745488462,
          1.225841837097662
        ]
      },
      "task": "regression"
    },
    "roi_gt_1": {
      "best_params": {
        "C": 1000.0
      },
      "in_sample_metrics": {
        "auc_roc": 0.7676765857830999,
        "f1": 0.7791592658377738,
        "log_loss": 0.5878104220950842,
        "pr_auc": 0.9373003950599406
      },
      "inner_score": 0.5677205040091637,
      "oof_metrics_global": {
        "auc_roc": 0.5775806959888353,
        "f1": 0.7247223845704267,
        "log_loss": 0.7479124208588349,
        "pr_auc": 0.847954272588789
      },
      "oof_metrics_global_ci": {
        "auc_roc": [
          0.5379510897413242,
          0.6197949307886504
        ],
        "f1": [
          0.7003492909951168,
          0.7511416834234008
        ],
        "log_loss": [
          0.6959668843478136,
          0.8003030251895328
        ],
        "pr_auc": [
          0.8210590887489472,
          0.8758496947401818
        ]
      },
      "per_fold_metrics": {
        "auc_roc": [
          0.5424697445091886,
          0.568691169878978,
          0.6261766024204393,
          0.5564769161810846,
          0.5447880870561282,
          0.6241595696996862,
          0.586620349619005,
          0.5257731958762886,
          0.523980277902286,
          0.6153493699885453,
          0.5415732855221874,
          0.620685791125056,
          0.5500896458987001,
          0.500112057373375,
          0.6587628865979381
        ],
        "f1": [
          0.6666666666666666,
          0.7430167597765364,
          0.7337278106508875,
          0.7027027027027027,
          0.6646525679758308,
          0.7592067988668555,
          0.7176470588235294,
          0.7225433526011561,
          0.6807228915662651,
          0.7692307692307693,
          0.7365439093484419,
          0.7605633802816901,
          0.6927710843373494,
          0.6666666666666666,
          0.7305389221556886
        ],
        "log_loss": [
          0.8235861376343137,
          0.7617753536260338,
          1.0179948646877677,
          0.8973479457106256,
          0.7936838231403127,
          0.6761304024697291,
          0.901517685831093,
          0.9467332998391259,
          0.8329511963441387,
          0.7037691920634929,
          0.7404508578181006,
          0.8167611592377709,
          0.8964164472441027,
          0.887320747576449,
          0.6941410307717576
        ],
        "pr_auc": [
          0.8388290889281941,
          0.8532140821488161,
          0.860957582729742,
          0.8247943612591575,
          0.8586662485172475,
          0.8728774816014466,
          0.865523399481563,
          0.8093848237561391,
          0.8398957719850471,
          0.8524485531560063,
          0.8384227181879618,
          0.8827855440611172,
          0.8396677417589115,
          0.8202569187704586,
          0.8890919242059294
        ]
      },
      "task": "classification"
    },
    "roi_gt_2": {
      "best_params": {
        "C": 0.0031622776601683794
      },
      "in_sample_metrics": {
        "auc_roc": 0.6994163246694026,
        "f1": 0.6949752300070772,
        "log_loss": 0.6410776029575836,
        "pr_auc": 0.8049920396119892
      },
      "inner_score": 0.6148505384558516,
      "oof_metrics_global": {
        "auc_roc": 0.6145067639458884,
        "f1": 0.6530035335689046,
        "log_loss": 0.6715136295491289,
        "pr_auc": 0.7379891908286834
      },
      "oof_metrics_global_ci": {
        "auc_roc": [
          0.58172870636506,
          0.6454799973337473
        ],
        "f1": [
          0.6238280529548758,
          0.6807984020722202
        ],
        "log_loss": [
          0.661542515908302,
          0.6813704501487391
        ],
        "pr_auc": [
          0.7050739455054591,
          0.7720506012831297
        ]
      },
      "per_fold_metrics": {
        "auc_roc": [
          0.6182163187855788,
          0.5948387096774194,
          0.645920303605313,
          0.6237571157495257,
          0.5915202444614208,
          0.6250474383301708,
          0.6752182163187855,
          0.6101707779886147,
          0.5584060721062619,
          0.6116883116883117,
          0.5924098671726755,
          0.5864895635673625,
          0.6235294117647058,
          0.6662618595825427,
          0.5451489686783803
        ],
        "f1": [
          0.6689895470383276,
          0.6501766784452296,
          0.6546762589928058,
          0.6376811594202898,
          0.6548042704626335,
          0.6666666666666666,
          0.6762589928057554,
          0.624113475177305,
          0.6621621621621622,
          0.6402877697841727,
          0.6338028169014085,
          0.6323024054982818,
          0.6086956521739131,
          0.7147766323024055,
          0.6148409893992933
        ],