{
  "matrix": "all_five_mpnet",
  "meta_coefs": {
    "histgb": 2.611284137548387,
    "linear": 0.6135779630878252,
    "random_forest": 0.5422710336619682,
    "svm_rbf": 1.7259167598454406
  },
  "meta_intercept": -1.8176160285081018,
  "oof_metrics_global": {
    "auc_roc": 0.6178454058434251,
    "f1": 0.8939114391143912,
    "log_loss": 0.4754454642056394,
    "pr_auc": 0.8668098262584852
  },
  "per_fold_summary": {
    "auc_roc_mean": 0.6196732905025151,
    "auc_roc_std": 0.04274276064915589,
    "f1_mean": 0.8935697951659575,
    "f1_std": 0.0015710117358925092,
    "log_loss_mean": 0.4758057290028775,
    "log_loss_std": 0.011924933488359758,
    "pr_auc_mean": 0.8707553255251227,
    "pr_auc_std": 0.019663562607471496
  },
  "target": "roi_gt_1"
}