{
  "matrix": "all_five",
  "meta_coefs": {
    "histgb": 0.27981027634311134,
    "linear": -0.13676556096143325,
    "random_forest": 0.6927062041532079,
    "svm_rbf": 1.559811320645482
  },
  "meta_intercept": -0.9874819115918911,
  "oof_metrics_global": {
    "cvrmse": 0.9769795187339363,
    "mae": 0.9314328404014813,
    "mse": 1.7329178807311214,
    "rmse": 1.3164033883012918
  },
  "per_fold_summary": {
    "cvrmse_mean": 0.9729390136454465,
    "cvrmse_std": 0.07534437793791647,
    "mae_mean": 0.9319317132508312,
    "mae_std": 0.053637157353462125,
    "mse_mean": 1.7339492484076935,
    "mse_std": 0.3202541171813738,
    "rmse_mean": 1.3116961029805874,
    "rmse_std": 0.11983283818317976
  },
  "target": "log_roi"
}