{
  "matrix": "all_five_mpnet",
  "meta_coefs": {
    "histgb": 3.0627292175814445,
    "linear": -0.07430148166910523,
    "random_forest": 0.26439326203308067,
    "svm_rbf": 2.3899139569353722
  },
  "meta_intercept": -2.3244725462572373,
  "oof_metrics_global": {
    "auc_roc": 0.642203982368141,
    "f1": 0.773841961852861,
    "log_loss": 0.6247223369987903,
    "pr_auc": 0.7406254654203802
  },
  "per_fold_summary": {
    "auc_roc_mean": 0.6433796791443849,
    "auc_roc_std": 0.030576033263598222,
    "f1_mean": 0.776511999568037,
    "f1_std": 0.017801810340660425,
    "log_loss_mean": 0.625069794514818,
    "log_loss_std": 0.014655284940297787,
    "pr_auc_mean": 0.7482277971210823,
    "pr_auc_std": 0.026096334569157383
  },
  "target": "roi_gt_2"
}