{
  "all_conformal_scores": {
    "lac": {
      "empirical_coverage_at_0.5_mean": 0.5096530920060333,
      "empirical_coverage_at_0.5_std": 0.08058167310820342,
      "empirical_coverage_at_0.8_mean": 0.7973604826546004,
      "empirical_coverage_at_0.8_std": 0.07306462530795113,
      "empirical_coverage_at_0.95_mean": 0.9453996983408748,
      "empirical_coverage_at_0.95_std": 0.04686302059055669,
      "empirical_coverage_at_0.9_mean": 0.9144042232277526,
      "empirical_coverage_at_0.9_std": 0.07086080562329755,
      "mean_set_size_at_0.5_mean": 0.902790346907994,
      "mean_set_size_at_0.5_std": 0.0685353997869536,
      "mean_set_size_at_0.8_mean": 1.4863499245852185,
      "mean_set_size_at_0.8_std": 0.0658662959924478,
      "mean_set_size_at_0.95_mean": 1.8638763197586727,
      "mean_set_size_at_0.95_std": 0.07175311218187773,
      "mean_set_size_at_0.9_mean": 1.7239819004524886,
      "mean_set_size_at_0.9_std": 0.0921743262157506,
      "refer_rate_at_0.5_mean": 0.0,
      "refer_rate_at_0.5_std": 0.0,
      "refer_rate_at_0.8_mean": 0.48634992458521864,
      "refer_rate_at_0.8_std": 0.06586629599244778,
      "refer_rate_at_0.95_mean": 0.8638763197586726,
      "refer_rate_at_0.95_std": 0.07175311218187769,
      "refer_rate_at_0.9_mean": 0.7239819004524887,
      "refer_rate_at_0.9_std": 0.09217432621575058,
      "singleton_rate_at_0.5_mean": 0.902790346907994,
      "singleton_rate_at_0.5_std": 0.0685353997869536,
      "singleton_rate_at_0.8_mean": 0.5136500754147812,
      "singleton_rate_at_0.8_std": 0.06586629599244775,
      "singleton_rate_at_0.95_mean": 0.13612368024132732,
      "singleton_rate_at_0.95_std": 0.0717531121818777,
      "singleton_rate_at_0.9_mean": 0.27601809954751133,
      "singleton_rate_at_0.9_std": 0.09217432621575056
    }
  },
  "all_probability_methods": {
    "isotonic": {
      "brier_mean": 0.24454108335645985,
      "brier_std": 0.021946427531041205,
      "ece_mean": 0.10776391301646852,
      "ece_std": 0.0305206027142108,
      "log_loss_mean": 0.7409611354581132,
      "log_loss_std": 0.1625178972107079,
      "mce_mean": 0.3436314179499944,
      "mce_std": 0.1094630222068834
    },
    "sigmoid": {
      "brier_mean": 0.23977482045857398,
      "brier_std": 0.0033711200415337287,
      "ece_mean": 0.1694510142429541,
      "ece_std": 0.02228254616553063,
      "log_loss_mean": 0.6727403085109567,
      "log_loss_std": 0.007174751474199413,
      "mce_mean": 0.38662504252777985,
      "mce_std": 0.031799576397524974
    },
    "uncalibrated": {
      "brier_mean": 0.2496608017648597,
      "brier_std": 0.025760177202055628,
      "ece_mean": 0.1864859835212407,
      "ece_std": 0.044020925451147205,
      "log_loss_mean": 0.6944942074542773,
      "log_loss_std": 0.05913687724462169,
      "mce_mean": 0.38922094384829203,
      "mce_std": 0.09350826366129177
    }
  },
  "best_conformal_score": "lac",
  "best_probability_method": "isotonic",
  "calibration_metrics": {
    "brier_mean": 0.24454108335645985,
    "brier_std": 0.021946427531041205,
    "ece_mean": 0.10776391301646852,
    "ece_std": 0.0305206027142108,
    "empirical_coverage_at_0.5_mean": 0.5096530920060333,
    "empirical_coverage_at_0.5_std": 0.08058167310820342,
    "empirical_coverage_at_0.8_mean": 0.7973604826546004,
    "empirical_coverage_at_0.8_std": 0.07306462530795113,
    "empirical_coverage_at_0.95_mean": 0.9453996983408748,
    "empirical_coverage_at_0.95_std": 0.04686302059055669,
    "empirical_coverage_at_0.9_mean": 0.9144042232277526,
    "empirical_coverage_at_0.9_std": 0.07086080562329755,
    "log_loss_mean": 0.7409611354581132,
    "log_loss_std": 0.1625178972107079,
    "mce_mean": 0.3436314179499944,
    "mce_std": 0.1094630222068834,
    "mean_set_size_at_0.5_mean": 0.902790346907994,
    "mean_set_size_at_0.5_std": 0.0685353997869536,
    "mean_set_size_at_0.8_mean": 1.4863499245852185,
    "mean_set_size_at_0.8_std": 0.0658662959924478,
    "mean_set_size_at_0.95_mean": 1.8638763197586727,
    "mean_set_size_at_0.95_std": 0.07175311218187773,
    "mean_set_size_at_0.9_mean": 1.7239819004524886,
    "mean_set_size_at_0.9_std": 0.0921743262157506,
    "refer_rate_at_0.5_mean": 0.0,
    "refer_rate_at_0.5_std": 0.0,
    "refer_rate_at_0.8_mean": 0.48634992458521864,
    "refer_rate_at_0.8_std": 0.06586629599244778,
    "refer_rate_at_0.95_mean": 0.8638763197586726,
    "refer_rate_at_0.95_std": 0.07175311218187769,
    "refer_rate_at_0.9_mean": 0.7239819004524887,
    "refer_rate_at_0.9_std": 0.09217432621575058,
    "singleton_rate_at_0.5_mean": 0.902790346907994,
    "singleton_rate_at_0.5_std": 0.0685353997869536,
    "singleton_rate_at_0.8_mean": 0.5136500754147812,
    "singleton_rate_at_0.8_std": 0.06586629599244775,
    "singleton_rate_at_0.95_mean": 0.13612368024132732,
    "singleton_rate_at_0.95_std": 0.0717531121818777,
    "singleton_rate_at_0.9_mean": 0.27601809954751133,
    "singleton_rate_at_0.9_std": 0.09217432621575056
  },
  "target": "roi_gt_2",
  "task": "classification"
}