{
  "_notes": "Phase 3c combination 'topic_plus_cn': Topic + character_network (complementary classification targets). 60 features. Pre-registered linear-OOF lift bands in proposal Section 3.",
  "bootstrap_alpha": 0.05,
  "bootstrap_iter": 1000,
  "combination_description": "Topic + character_network (complementary classification targets)",
  "combination_name": "topic_plus_cn",
  "histgb_learning_rate": 0.05,
  "histgb_max_depth": 4,
  "histgb_max_iter": 300,
  "include_character_network": true,
  "include_embedding": false,
  "include_lexical": false,
  "include_sentiment": false,
  "include_topic": true,
  "knn_n_neighbors": 20,
  "knn_weights": "distance",
  "linear_C_grid": [
    0.001,
    0.0031622776601683794,
    0.01,
    0.03162277660168379,
    0.1,
    0.31622776601683794,
    1.0,
    3.1622776601683795,
    10.0,
    31.622776601683793,
    100.0,
    316.22776601683796,
    1000.0
  ],
  "linear_alpha_grid": [
    0.001,
    0.0031622776601683794,
    0.01,
    0.03162277660168379,
    0.1,
    0.31622776601683794,
    1.0,
    3.1622776601683795,
    10.0,
    31.622776601683793,
    100.0,
    316.22776601683796,
    1000.0
  ],
  "model_families": [
    "linear",
    "histgb",
    "knn",
    "svm"
  ],
  "n_cv_folds": 5,
  "seed": 42,
  "svm_C": 1.0,
  "svm_gamma": "scale"
}