{
  "matrix": "standalone_positive_union_mpnet",
  "meta_coefs": {
    "histgb": 0.28232578478315934,
    "lightgbm": 0.20535119099094953,
    "linear": 0.49956635129782606,
    "random_forest": 0.6243414716287963,
    "svm_rbf": 1.9144853759546319,
    "xgboost": 0.9862394929105543
  },
  "meta_intercept": -1.3905541996834443,
  "oof_metrics_global": {
    "auc_roc": 0.6344032773601045,
    "f1": 0.8927911275415896,
    "log_loss": 0.4727233796961064,
    "pr_auc": 0.8707700670457883
  },
  "per_fold_summary": {
    "auc_roc_mean": 0.6339477397612762,
    "auc_roc_std": 0.03358917051206828,
    "f1_mean": 0.8931282551201314,
    "f1_std": 0.0020434754111461548,
    "log_loss_mean": 0.4731961926631371,
    "log_loss_std": 0.010932159622154441,
    "pr_auc_mean": 0.8731082338186706,
    "pr_auc_std": 0.019353915012668723
  },
  "target": "roi_gt_1"
}