{
  "per_target": {
    "roi_gt_2": {
      "best_params": {
        "learning_rate": 0.05,
        "max_depth": 3,
        "min_samples_leaf": 20
      },
      "in_sample_metrics": {
        "auc_roc": 0.8951709986320109,
        "f1": 0.8353188507358094,
        "log_loss": 0.562429738455439,
        "pr_auc": 0.942510612781905
      },
      "inner_score": 0.573370068261909,
      "oof_metrics_global": {
        "auc_roc": 0.5861802705578356,
        "f1": 0.5980896399706098,
        "log_loss": 0.675090433374767,
        "pr_auc": 0.7101287964647354
      },
      "oof_metrics_global_ci": {
        "auc_roc": [
          0.5538024247627582,
          0.620347925646624
        ],
        "f1": [
          0.5680110549632179,
          0.6275107790468325
        ],
        "log_loss": [
          0.6659387103479396,
          0.6836940335349102
        ],
        "pr_auc": [
          0.6743204363634894,
          0.7494256918302223
        ]
      },
      "per_fold_metrics": {
        "auc_roc": [
          0.5311195445920304,
          0.5801897533206831,
          0.5902087286527515,
          0.58,
          0.5853323147440797,
          0.5633017077798862,
          0.5905882352941176,
          0.6044781783681213,
          0.5251612903225806,
          0.5632543926661574,
          0.5628842504743833,
          0.5687666034155598,
          0.5620872865275142,
          0.6054648956356735,
          0.5789915966386554
        ],
        "f1": [
          0.5210727969348659,
          0.6064981949458483,
          0.6327272727272727,
          0.5606060606060606,
          0.6552901023890785,
          0.5947955390334573,
          0.6353790613718412,
          0.6051660516605166,
          0.6083916083916084,
          0.5369649805447471,
          0.6263345195729537,
          0.5245901639344263,
          0.5220883534136547,
          0.6223776223776224,
          0.6575342465753424
        ],
        "log_loss": [
          0.702066875776189,
          0.6737458267092591,
          0.670015137016443,
          0.6833827119575278,
          0.6865833861314183,
          0.6782874212275963,
          0.6766188055503256,
          0.6684258122719877,
          0.6880706132369249,
          0.684541223373101,
          0.6850242548610607,
          0.683361307098488,
          0.6858903007175361,
          0.6622473489138121,
          0.6743495376839411
        ],
        "pr_auc": [
          0.6667918888643583,
          0.7172930258634416,
          0.7256376653947457,
          0.6994269923673859,
          0.7136531427580743,
          0.7182084279026052,
          0.7085210865853192,
          0.7267718593970843,
          0.6884172151251957,
          0.7080706502382039,
          0.6941594778268073,
          0.7081693471064019,
          0.6943870510069153,
          0.7280408644872194,
          0.6966973160405299
        ]
      },
      "task": "classification"
    }
  }
}