{
  "matrix": "all_five_mpnet",
  "meta_coefs": {
    "histgb": 1.7731607778596281,
    "lightgbm": 1.7739552632541673,
    "linear": 0.600847924791206,
    "random_forest": -0.6925055291768065,
    "svm_rbf": 1.6633334897628818,
    "xgboost": -0.8736521057281719
  },
  "meta_intercept": -0.924913532947154,
  "oof_metrics_global": {
    "auc_roc": 0.6149552064106605,
    "f1": 0.8939114391143912,
    "log_loss": 0.476329952103472,
    "pr_auc": 0.861019185424085
  },
  "per_fold_summary": {
    "auc_roc_mean": 0.6157622391553363,
    "auc_roc_std": 0.042618323999128405,
    "f1_mean": 0.8935697951659575,
    "f1_std": 0.0015710117358925092,
    "log_loss_mean": 0.47684177941453476,
    "log_loss_std": 0.012617012910441754,
    "pr_auc_mean": 0.8652086017483883,
    "pr_auc_std": 0.02160877694107478
  },
  "target": "roi_gt_1"
}