{
  "matrix": "standalone_positive_union",
  "meta_coefs": {
    "histgb": 0.7726840696832034,
    "lightgbm": -0.6397284232700664,
    "linear": -0.17872462592978247,
    "random_forest": 0.3219454869771579,
    "svm_rbf": 2.0894466364999,
    "xgboost": 0.5948584362126275
  },
  "meta_intercept": -1.4131090387490484,
  "oof_metrics_global": {
    "cvrmse": 0.9735236595041655,
    "mae": 0.9285700260473763,
    "mse": 1.7206798998527222,
    "rmse": 1.311746888638476
  },
  "per_fold_summary": {
    "cvrmse_mean": 0.9694807271695169,
    "cvrmse_std": 0.0769178511575569,
    "mae_mean": 0.9290549612175909,
    "mae_std": 0.05127369090315486,
    "mse_mean": 1.72194695471386,
    "mse_std": 0.32188327176559844,
    "rmse_mean": 1.3070066117666304,
    "rmse_std": 0.12106965901691216
  },
  "target": "log_roi"
}