{
  "matrix": "all_five",
  "meta_coefs": {
    "histgb": 0.8172647821361829,
    "linear": 1.1167637358218754,
    "random_forest": 1.1981139481674692,
    "svm_rbf": 1.4002179698276513
  },
  "meta_intercept": -1.8170964962448408,
  "oof_metrics_global": {
    "auc_roc": 0.6209758321933425,
    "f1": 0.7714437932871604,
    "log_loss": 0.632743227390249,
    "pr_auc": 0.72804080692049
  },
  "per_fold_summary": {
    "auc_roc_mean": 0.6217981386102828,
    "auc_roc_std": 0.03147520504658512,
    "f1_mean": 0.7709538664655614,
    "f1_std": 0.01454998873894948,
    "log_loss_mean": 0.6330563689899423,
    "log_loss_std": 0.012845209550549864,
    "pr_auc_mean": 0.7350068214067177,
    "pr_auc_std": 0.027291398500499664
  },
  "target": "roi_gt_2"
}