{
  "matrix": "all_five",
  "meta_coefs": {
    "histgb": 1.343417203995192,
    "lightgbm": 1.1476911124715128,
    "linear": 0.27171497494274643,
    "random_forest": 0.06913576691396847,
    "svm_rbf": 0.7520491135401325,
    "xgboost": -0.2988128592380435
  },
  "meta_intercept": -0.4826349415795072,
  "oof_metrics_global": {
    "auc_roc": 0.5733939584927745,
    "f1": 0.8939114391143912,
    "log_loss": 0.4837345005234613,
    "pr_auc": 0.8440370772997976
  },
  "per_fold_summary": {
    "auc_roc_mean": 0.5748528313163007,
    "auc_roc_std": 0.04106259374007572,
    "f1_mean": 0.8940815114913054,
    "f1_std": 0.0010424026376160127,
    "log_loss_mean": 0.48416432280598704,
    "log_loss_std": 0.008504268403724508,
    "pr_auc_mean": 0.8489091975423915,
    "pr_auc_std": 0.024288407372680343
  },
  "target": "roi_gt_1"
}