{
  "matrix": "all_five",
  "meta_coefs": {
    "histgb": -0.040118201520099206,
    "lightgbm": 1.638427292699089,
    "linear": 1.0948815861338268,
    "random_forest": 0.7713671516751701,
    "svm_rbf": 1.3806747950242753,
    "xgboost": -0.49892619170683117
  },
  "meta_intercept": -1.668292490186642,
  "oof_metrics_global": {
    "auc_roc": 0.6164553883568933,
    "f1": 0.772192513368984,
    "log_loss": 0.6338058075976671,
    "pr_auc": 0.7262880946145174
  },
  "per_fold_summary": {
    "auc_roc_mean": 0.6161463482753805,
    "auc_roc_std": 0.03134822280938566,
    "f1_mean": 0.7705950384140086,
    "f1_std": 0.015033249033431548,
    "log_loss_mean": 0.6342527982470669,
    "log_loss_std": 0.01267529767121654,
    "pr_auc_mean": 0.7321515171119797,
    "pr_auc_std": 0.027156463905000722
  },
  "target": "roi_gt_2"
}