{
  "all_conformal_scores": {
    "lac": {
      "empirical_coverage_at_0.5_mean": 0.591553544494721,
      "empirical_coverage_at_0.5_std": 0.015570915298079692,
      "empirical_coverage_at_0.8_mean": 0.8717194570135746,
      "empirical_coverage_at_0.8_std": 0.040048373276437385,
      "empirical_coverage_at_0.95_mean": 0.9651583710407239,
      "empirical_coverage_at_0.95_std": 0.04581843641554647,
      "empirical_coverage_at_0.9_mean": 0.9222473604826547,
      "empirical_coverage_at_0.9_std": 0.04084808752771897,
      "mean_set_size_at_0.5_mean": 0.7004524886877828,
      "mean_set_size_at_0.5_std": 0.03982246802661794,
      "mean_set_size_at_0.8_mean": 1.256787330316742,
      "mean_set_size_at_0.8_std": 0.06383695304309034,
      "mean_set_size_at_0.95_mean": 1.704524886877828,
      "mean_set_size_at_0.95_std": 0.0716125794215595,
      "mean_set_size_at_0.9_mean": 1.451734539969834,
      "mean_set_size_at_0.9_std": 0.09290836304527476,
      "refer_rate_at_0.5_mean": 0.0,
      "refer_rate_at_0.5_std": 0.0,
      "refer_rate_at_0.8_mean": 0.25678733031674206,
      "refer_rate_at_0.8_std": 0.06383695304309037,
      "refer_rate_at_0.95_mean": 0.704524886877828,
      "refer_rate_at_0.95_std": 0.07161257942155956,
      "refer_rate_at_0.9_mean": 0.4517345399698341,
      "refer_rate_at_0.9_std": 0.09290836304527482,
      "singleton_rate_at_0.5_mean": 0.7004524886877828,
      "singleton_rate_at_0.5_std": 0.03982246802661794,
      "singleton_rate_at_0.8_mean": 0.743212669683258,
      "singleton_rate_at_0.8_std": 0.06383695304309037,
      "singleton_rate_at_0.95_mean": 0.2954751131221719,
      "singleton_rate_at_0.95_std": 0.07161257942155956,
      "singleton_rate_at_0.9_mean": 0.548265460030166,
      "singleton_rate_at_0.9_std": 0.09290836304527483
    }
  },
  "all_probability_methods": {
    "isotonic": {
      "brier_mean": 0.1622433544658051,
      "brier_std": 0.018142238309978357,
      "ece_mean": 0.09462233058104745,
      "ece_std": 0.04685362009391349,
      "log_loss_mean": 0.5078381128968014,
      "log_loss_std": 0.06524694608684811,
      "mce_mean": 0.41724448237193046,
      "mce_std": 0.26331041315472303
    },
    "sigmoid": {
      "brier_mean": 0.15993710266918645,
      "brier_std": 0.008481886996516681,
      "ece_mean": 0.1569998345673576,
      "ece_std": 0.0301423831776208,
      "log_loss_mean": 0.4985714233636435,
      "log_loss_std": 0.027807780420128256,
      "mce_mean": 0.3689037510189695,
      "mce_std": 0.053830867501853785
    },
    "uncalibrated": {
      "brier_mean": 0.20384938550268342,
      "brier_std": 0.014016036325183343,
      "ece_mean": 0.24332991886851185,
      "ece_std": 0.04943352505060463,
      "log_loss_mean": 0.5957623763085312,
      "log_loss_std": 0.03287083034627834,
      "mce_mean": 0.5373202851096888,
      "mce_std": 0.10894404017934822
    }
  },
  "best_conformal_score": "lac",
  "best_probability_method": "isotonic",
  "calibration_metrics": {
    "brier_mean": 0.1622433544658051,
    "brier_std": 0.018142238309978357,
    "ece_mean": 0.09462233058104745,
    "ece_std": 0.04685362009391349,
    "empirical_coverage_at_0.5_mean": 0.591553544494721,
    "empirical_coverage_at_0.5_std": 0.015570915298079692,
    "empirical_coverage_at_0.8_mean": 0.8717194570135746,
    "empirical_coverage_at_0.8_std": 0.040048373276437385,
    "empirical_coverage_at_0.95_mean": 0.9651583710407239,
    "empirical_coverage_at_0.95_std": 0.04581843641554647,
    "empirical_coverage_at_0.9_mean": 0.9222473604826547,
    "empirical_coverage_at_0.9_std": 0.04084808752771897,
    "log_loss_mean": 0.5078381128968014,
    "log_loss_std": 0.06524694608684811,
    "mce_mean": 0.41724448237193046,
    "mce_std": 0.26331041315472303,
    "mean_set_size_at_0.5_mean": 0.7004524886877828,
    "mean_set_size_at_0.5_std": 0.03982246802661794,
    "mean_set_size_at_0.8_mean": 1.256787330316742,
    "mean_set_size_at_0.8_std": 0.06383695304309034,
    "mean_set_size_at_0.95_mean": 1.704524886877828,
    "mean_set_size_at_0.95_std": 0.0716125794215595,
    "mean_set_size_at_0.9_mean": 1.451734539969834,
    "mean_set_size_at_0.9_std": 0.09290836304527476,
    "refer_rate_at_0.5_mean": 0.0,
    "refer_rate_at_0.5_std": 0.0,
    "refer_rate_at_0.8_mean": 0.25678733031674206,
    "refer_rate_at_0.8_std": 0.06383695304309037,
    "refer_rate_at_0.95_mean": 0.704524886877828,
    "refer_rate_at_0.95_std": 0.07161257942155956,
    "refer_rate_at_0.9_mean": 0.4517345399698341,
    "refer_rate_at_0.9_std": 0.09290836304527482,
    "singleton_rate_at_0.5_mean": 0.7004524886877828,
    "singleton_rate_at_0.5_std": 0.03982246802661794,
    "singleton_rate_at_0.8_mean": 0.743212669683258,
    "singleton_rate_at_0.8_std": 0.06383695304309037,
    "singleton_rate_at_0.95_mean": 0.2954751131221719,
    "singleton_rate_at_0.95_std": 0.07161257942155956,
    "singleton_rate_at_0.9_mean": 0.548265460030166,
    "singleton_rate_at_0.9_std": 0.09290836304527483
  },
  "target": "roi_gt_1",
  "task": "classification"
}