{
  "matrix": "standalone_positive_union",
  "meta_coefs": {
    "histgb": 1.0848252980961566,
    "linear": 0.3957751550738528,
    "random_forest": 3.181078167818463,
    "svm_rbf": 0.7900490466452862
  },
  "meta_intercept": -2.340017564339141,
  "oof_metrics_global": {
    "auc_roc": 0.6107234502318463,
    "f1": 0.8933025404157043,
    "log_loss": 0.4781161109140808,
    "pr_auc": 0.8600838709996964
  },
  "per_fold_summary": {
    "auc_roc_mean": 0.6118925245281139,
    "auc_roc_std": 0.03892157495906822,
    "f1_mean": 0.8931629358465568,
    "f1_std": 0.0017489297868256957,
    "log_loss_mean": 0.4786103476223861,
    "log_loss_std": 0.009701188886845161,
    "pr_auc_mean": 0.8633434807746554,
    "pr_auc_std": 0.022050394519073004
  },
  "target": "roi_gt_1"
}