{
  "matrix": "standalone_positive_union",
  "meta_coefs": {
    "histgb": 0.695820618214123,
    "lightgbm": 0.44452854060072655,
    "linear": -1.1726905616626582,
    "random_forest": 2.9907797233579134,
    "svm_rbf": 2.1276753122995165,
    "xgboost": -0.4805326830193778
  },
  "meta_intercept": -1.8507812395595056,
  "oof_metrics_global": {
    "auc_roc": 0.6317039063687491,
    "f1": 0.7736670293797606,
    "log_loss": 0.627694176364856,
    "pr_auc": 0.7470577031663599
  },
  "per_fold_summary": {
    "auc_roc_mean": 0.6317759432218636,
    "auc_roc_std": 0.029760348114208017,
    "f1_mean": 0.771020851800601,
    "f1_std": 0.015171018956986103,
    "log_loss_mean": 0.6281587678660033,
    "log_loss_std": 0.013852763629362816,
    "pr_auc_mean": 0.7517618483770827,
    "pr_auc_std": 0.02587391930687617
  },
  "target": "roi_gt_2"
}