{
  "matrix": "all_five",
  "meta_coefs": {
    "histgb": 2.050897646415955,
    "linear": 0.22121953137536832,
    "random_forest": 0.9740800305695974,
    "svm_rbf": 0.8437484169812995
  },
  "meta_intercept": -0.9540331124974464,
  "oof_metrics_global": {
    "auc_roc": 0.5797550983658218,
    "f1": 0.8939114391143912,
    "log_loss": 0.48269243549159807,
    "pr_auc": 0.8468730146029603
  },
  "per_fold_summary": {
    "auc_roc_mean": 0.5823842488835765,
    "auc_roc_std": 0.04502751894198297,
    "f1_mean": 0.8940806454123362,
    "f1_std": 0.0011275868303611846,
    "log_loss_mean": 0.48302483485303876,
    "log_loss_std": 0.009065669287898235,
    "pr_auc_mean": 0.8523701289463834,
    "pr_auc_std": 0.025594544319975827
  },
  "target": "roi_gt_1"
}