target,rho_path_dependent_vs_interventional,rho_shap_vs_native
roi_gt_2,0.9673103894702773,0.7450228992507869
log_roi,0.9792549666322456,0.8857075508476452
