target,ece,brier,log_loss,n
roi_gt_1,0.05391444255639584,0.16088711282684917,0.49998622726150777,257
roi_gt_2,0.08486815185398444,0.24406678199047097,0.7355031155447306,257
