cost_matrix_name,cost_refer_flop,total_cost_system,p_greenlight,p_pass,p_refer,n_greenlight,n_pass,n_refer
refer_0K,0,0.0,0.0,0.0,1.0,0,0,257
default,5000,51275000.0,0.007782101167315175,0.0,0.9922178988326849,2,0,255
refer_25K,25000,56375000.0,0.007782101167315175,0.0,0.9922178988326849,2,0,255
refer_100K,100000,75500000.0,0.007782101167315175,0.0,0.9922178988326849,2,0,255
refer_1M,1000000,305000000.0,0.007782101167315175,0.0,0.9922178988326849,2,0,255
refer_25M,25000000,5000000000.0,0.9377431906614786,0.0,0.0622568093385214,241,0,16
