target,level,empirical_coverage,singleton_rate,refer_rate,empty_rate,n_eval,mean_width,median_width
roi_gt_2,0.5,0.6070038910505836,0.9883268482490273,0.0,0.011673151750972763,257,,
roi_gt_2,0.8,0.8210116731517509,0.45525291828793774,0.5447470817120622,0.0,257,,
roi_gt_2,0.9,0.8638132295719845,0.3657587548638132,0.6342412451361867,0.0,257,,
roi_gt_2,0.95,0.9961089494163424,0.007782101167315175,0.9922178988326849,0.0,257,,
log_roi,0.5,0.48249027237354086,,,,257,1.370858157933077,1.370858157933077
log_roi,0.8,0.8015564202334631,,,,257,2.9478714161738333,2.9478714161738337
log_roi,0.9,0.8910505836575876,,,,257,3.992102192018891,3.992102192018892
log_roi,0.95,0.9649805447470817,,,,257,5.009738702225877,5.009738702225877
