strategy,cost_matrix,total_cost,n_decisions,p_greenlight,p_pass,p_refer,n_greenlight,n_pass,n_refer,cost_per_film_M
always_greenlight,default,4950000000.0,257,1.0,0.0,0.0,257,0,0,19.260700389105057
always_pass,default,15800000000.0,257,0.0,1.0,0.0,0,257,0,61.478599221789885
read_everything,default,1285000.0,257,0.0,0.0,1.0,0,0,257,0.005
random,default,6900440000.0,257,0.3035019455252918,0.3540856031128405,0.3424124513618677,78,91,88,26.849961089494165
genre_prior,default,4950000000.0,257,1.0,0.0,0.0,257,0,0,19.260700389105057
system,default,51275000.0,257,0.007782101167315175,0.0,0.9922178988326849,2,0,255,0.19951361867704281
