{
  "matrix": "standalone_positive_union_mpnet",
  "meta_coefs": {
    "histgb": 0.06081329223822127,
    "lightgbm": -0.4349292244498012,
    "linear": 0.017220101461880875,
    "random_forest": 0.6677938307493817,
    "svm_rbf": 1.5533512426340577,
    "xgboost": 0.6251238516368209
  },
  "meta_intercept": -1.079661049824065,
  "oof_metrics_global": {
    "cvrmse": 0.973769052025836,
    "mae": 0.9257798193967837,
    "mse": 1.7215474600644947,
    "rmse": 1.31207753584325
  },
  "per_fold_summary": {
    "cvrmse_mean": 0.9696594257438006,
    "cvrmse_std": 0.0788697324722766,
    "mae_mean": 0.9264152469027185,
    "mae_std": 0.05133403951052921,
    "mse_mean": 1.723071934489293,
    "mse_std": 0.3290641876565918,
    "rmse_mean": 1.3072401472647306,
    "rmse_std": 0.12332505771006731
  },
  "target": "log_roi"
}