{
  "matrix": "all_five",
  "meta_coefs": {
    "histgb": 0.14768567288895457,
    "lightgbm": 0.1496809273251846,
    "linear": -0.15442936190253273,
    "random_forest": 0.5784449432510592,
    "svm_rbf": 1.567118577984667,
    "xgboost": 0.11814212215475094
  },
  "meta_intercept": -0.9970751123329851,
  "oof_metrics_global": {
    "cvrmse": 0.9783276740027351,
    "mae": 0.932422622290875,
    "mse": 1.737703762609468,
    "rmse": 1.318219921943781
  },
  "per_fold_summary": {
    "cvrmse_mean": 0.9744626719596486,
    "cvrmse_std": 0.07528120679356098,
    "mae_mean": 0.9330701165445903,
    "mae_std": 0.05262604334952329,
    "mse_mean": 1.7391614727792795,
    "mse_std": 0.31967171592508103,
    "rmse_mean": 1.3137155108602299,
    "rmse_std": 0.11943182142600595
  },
  "target": "log_roi"
}