{
  "per_target": {
    "log_roi": {
      "best_params": {
        "learning_rate": 0.05,
        "max_depth": 3,
        "min_samples_leaf": 10
      },
      "in_sample_metrics": {
        "cvrmse": 0.8244709507175928,
        "mae": 0.8004101457516457,
        "mse": 1.2341211097971698,
        "rmse": 1.1109100367703812
      },
      "inner_score": -1.3191023509158215,
      "oof_metrics_global": {
        "cvrmse": 0.9815241824107637,
        "mae": 0.9366692797873488,
        "mse": 1.749077577610707,
        "rmse": 1.3225269666856352
      },
      "oof_metrics_global_ci": {
        "cvrmse": [
          0.9059125874807409,
          1.0633650578990943
        ],
        "mae": [
          0.8846064730425277,
          0.9867593716803448
        ],
        "mse": [
          1.4390450996122786,
          2.1336235650518955
        ],
        "rmse": [
          1.199602038390493,
          1.4606928361593445
        ]
      },
      "per_fold_metrics": {
        "cvrmse": [
          0.9130569636883882,
          0.9350654087344267,
          0.9892936508057761,
          0.9810880399429913,
          1.0735225681634173,
          0.8703898087694765,
          1.1132790788758706,
          0.9446831409288553,
          0.9593040656469074,
          1.0066979683786625,
          0.9543984694941677,
          0.9828719988515113,
          1.1570464143290236,
          0.9896158289482142,
          0.8822349019479605
        ],
        "mae": [
          0.8561657836974302,
          0.952657633735312,
          0.9374219465231151,
          0.9694511025399419,
          0.9726702903274207,
          0.9210295332881463,
          0.9367519463008929,
          0.9136439049666588,
          0.9209480498745032,
          1.0416150309936176,
          1.0050963410035232,
          0.9900020958723061,
          0.9694288828687567,
          0.8669688772021801,
          0.9132718172727345
        ],
        "mse": [
          1.357755816329555,
          1.717624640622788,
          1.698588056142675,
          1.8227596760187572,
          2.150056447819504,
          1.3448677966582345,
          2.336828225815912,
          1.5497588668974476,
          1.5873093836268581,
          1.9883683318857628,
          1.8793962719927608,
          1.7349564527831214,
          2.4096615583907774,
          1.5610691633170357,
          1.4321100129113964
        ],
        "rmse": [
          1.1652277958963884,
          1.3105817947090475,
          1.3032989128141996,
          1.3500961728776055,
          1.4663070782818666,
          1.15968435216581,
          1.5286687757051598,
          1.2448931146477786,
          1.2598846707642959,
          1.4100951499405148,
          1.3709107454509069,
          1.3171774568307497,
          1.5523084610961757,
          1.2494275342399956,
          1.196707989825169
        ]
      },
      "task": "regression"
    },
    "roi_gt_1": {
      "best_params": {
        "learning_rate": 0.05,
        "max_depth": 4,
        "min_samples_leaf": 20
      },
      "in_sample_metrics": {
        "auc_roc": 0.9122405798406339,
        "f1": 0.8725212464589235,
        "log_loss": 0.542864908216494,
        "pr_auc": 0.9735766228537239
      },
      "inner_score": 0.5658566163653568,
      "oof_metrics_global": {
        "auc_roc": 0.5730608202403997,
        "f1": 0.7688053097345132,
        "log_loss": 0.6427084714484846,
        "pr_auc": 0.8399434710653884
      },
      "oof_metrics_global_ci": {
        "auc_roc": [
          0.5318498624467267,
          0.6152422565762512
        ],
        "f1": [
          0.7461611223164832,
          0.7911848835300745
        ],
        "log_loss": [
          0.6343620050963058,
          0.6500970491829553
        ],
        "pr_auc": [
          0.8135432505656188,
          0.8676482932455098
        ]
      },
      "per_fold_metrics": {
        "auc_roc": [
          0.5391080233079336,
          0.595360824742268,
          0.5921671896010757,
          0.5664500224114747,
          0.5361970217640321,
          0.6121694307485434,
          0.4965262214253698,
          0.5378193635141192,
          0.5183774092335276,
          0.5647193585337915,
          0.5165284625728372,
          0.6054459883460331,
          0.5702599731062304,
          0.6069587628865979,
          0.5981672394043528
        ],
        "f1": [
          0.7246376811594203,
          0.8093994778067886,
          0.7718309859154929,
          0.7225433526011561,
          0.6982248520710059,
          0.7787114845938375,
          0.773841961852861,
          0.7383720930232558,
          0.7350427350427351,
          0.7925531914893617,
          0.7126436781609196,
          0.7923497267759563,
          0.6826347305389222,
          0.7390029325513197,
          0.75
        ],
        "log_loss": [
          0.6664822195215805,
          0.5914660515963241,
          0.6457052350142993,
          0.6618622980000382,
          0.6744142253201105,
          0.62601741301308,
          0.6445996603709888,
          0.6577161032586196,
          0.6696151085267809,
          0.6053564848675292,
          0.6569725467415524,
          0.6429037237673365,
          0.6706221096464328,
          0.6541578049523541,
          0.6575772019793037
        ],
        "pr_auc": [
          0.8202598385506827,
          0.8673337549461875,
          0.8526588094461527,
          0.8486082338355876,
          0.8428663921377719,
          0.8495271242049298,
          0.7799813333555119,
          0.8255597745237876,
          0.8163778421891051,
          0.8308066383140645,
          0.8206836158346379,
          0.8561956070130277,
          0.8318577471870943,
          0.857238812261184,
          0.8385992086038823
        ]
      },
      "task": "classification"
    },
    "roi_gt_2": {
      "best_params": {
        "learning_rate": 0.05,
        "max_depth": 4,
        "min_samples_leaf": 40
      },
      "in_sample_metrics": {
        "auc_roc": 0.9098024015807874,
        "f1": 0.859876965140123,
        "log_loss": 0.5573951587695433,
        "pr_auc": 0.9489581503276986
      },
      "inner_score": 0.588344907464452,
      "oof_metrics_global": {
        "auc_roc": 0.5977382580939352,
        "f1": 0.6511309115832762,
        "log_loss": 0.6693072218598363,
        "pr_auc": 0.7189371287683571
      },
      "oof_metrics_global_ci": {
        "auc_roc": [
          0.5673522662642018,
          0.6302413698321538
        ],
        "f1": [
          0.6230391255709227,
          0.6804302708697477
        ],
        "log_loss": [
          0.6598556332839022,
          0.677756912762011
        ],
        "pr_auc": [
          0.6841120270876653,
          0.7560517112842072
        ]
      },
      "per_fold_metrics": {
        "auc_roc": [
          0.5465654648956357,
          0.5933206831119544,
          0.5957115749525618,
          0.6211764705882353,
          0.5849503437738732,
          0.5984060721062618,
          0.6082732447817837,
          0.5700948766603415,
          0.5648576850094877,
          0.528533231474408,
          0.5653130929791272,
          0.567741935483871,
          0.5871726755218215,
          0.6116129032258064,
          0.5861726508785332
        ],
        "f1": [
          0.572463768115942,
          0.6431095406360424,
          0.7003367003367004,
          0.6357142857142857,
          0.6666666666666666,
          0.6527777777777778,
          0.6363636363636364,
          0.5787545787545788,
          0.6305084745762712,
          0.5454545454545454,
          0.6468646864686468,
          0.6508474576271186,
          0.629757785467128,
          0.6644295302013423,
          0.6847457627118644
        ],