{
  "matrix": "all_five_mpnet",
  "meta_coefs": {
    "histgb": 0.8689689951319579,
    "lightgbm": -0.7049323326769791,
    "linear": -0.5366485724669975,
    "random_forest": -0.8582847619935758,
    "svm_rbf": 2.6329380785447447,
    "xgboost": 3.023693938159879
  },
  "meta_intercept": -1.5591569637467715,
  "oof_metrics_global": {
    "auc_roc": 0.6469493844049248,
    "f1": 0.7652556349642661,
    "log_loss": 0.6227293320995838,
    "pr_auc": 0.7475904954165438
  },
  "per_fold_summary": {
    "auc_roc_mean": 0.648713111050872,
    "auc_roc_std": 0.03308570188386877,
    "f1_mean": 0.7684613233462071,
    "f1_std": 0.019083846785568962,
    "log_loss_mean": 0.6231587070972405,
    "log_loss_std": 0.016445027886158092,
    "pr_auc_mean": 0.754968046450177,
    "pr_auc_std": 0.0302381331066835
  },
  "target": "roi_gt_2"
}